{
    "accuracy": 0.9480757483200978,
    "precision": 0.8442211055276382,
    "recall": 0.7567567567567568
}
